id,price1
19841,759
19157,639
19445,199
8046,429
4571,1409
8344,489
5233,1339
1071,249
17353,269
12264,1339
1767,559
1989,329
11908,569
857,719
11988,409
11301,549
16802,289
12811,329
10753,449
3781,1889
14353,1799
16015,679
10442,309
4251,399
14393,419
10935,519
4064,309
11521,289
11867,399
16623,559
6895,329
19900,309
6445,429
15910,499
7626,469
20840,279
10084,579
20348,469
10857,389
18246,1319
5248,309
5615,389
9676,549
18087,389
13126,339
2381,2049
18489,1039
11766,299
20088,369
7798,499
6727,499
6906,379
5436,239
156,819
2511,759
20810,309
2725,469
3647,549
11319,329
15369,2369
19232,479
3126,269
16383,299
3582,219
18243,489
987,379
10450,2109
8846,269
662,1019
18683,2569
403,209
16022,1699
18997,499
19725,249
19421,279
5925,389
18730,549
12092,2109
4701,499
17288,1229
10637,459
17329,639
12922,999
18885,309
13568,299
2796,329
20619,309
18588,299
10477,5189
5539,1639
19153,2619
4321,549
11581,319
13657,3159
8550,439
16417,539
2624,519
859,659
19549,499
6838,2059
17319,519
5362,1379
19994,559
9210,489
19983,639
12522,319
18434,919
777,449
15090,719
7169,379
17084,2139
18220,839
555,499
11511,919
13081,609
3405,1099
20216,329
20802,419
18729,339
9185,339
2583,789
5933,489
20453,359
1124,649
16912,239
18453,459
15657,489
15150,289
9912,309
20763,499
13926,289
940,309
13427,499
17721,459
7615,369
12972,409
9628,429
14712,139
5505,379
11984,719
7360,519
18602,1029
3461,2069
1200,559
19202,289
9066,399
1517,589
9019,309
7454,469
17177,219
10367,149
17513,519
20578,939
12285,329
16764,229
6378,409
4856,449
14709,1409
13751,469
6288,499
1887,449
9806,359
2887,859
9257,489
11641,519
16668,499
5688,549
894,1589
1944,469
4288,479
2852,419
17124,459
5235,899
3062,309
3854,459
19908,6159
20890,3039
19043,569
6764,439
18975,229
17785,619
10786,259
14592,469
10915,309
10282,279
2867,1079
20048,419
18343,2699
19743,1359
8151,489
3352,579
1739,619
1090,469
1884,519
9697,679
1201,2149
2878,479
16416,639
9349,729
20659,1229
19054,4489
18474,399
5418,469
1902,879
9174,569
5217,449
15813,469
17799,3739
12235,449
325,339
4482,329
9398,339
12873,439
20691,279
18242,469
16054,329
14541,959
16545,469
17192,449
8538,469
3692,409
6502,399
3578,409
16530,299
17493,449
18804,2329
20923,1329
5277,1889
1522,229
18871,199
12495,509
10927,569
14703,279
6832,1489
8038,269
20587,409
4721,1069
9742,309
9837,619
4609,569
7494,879
12196,369
5894,699
7225,389
20925,439
3765,429
9453,159
7338,2029
18469,499
20771,529
15547,329
527,1709
364,2719
13345,449
10620,749
7497,359
12929,339
10743,449
2606,409
2766,299
20295,839
615,749
10863,409
20877,1059
3947,2809
11994,539
14516,379
19001,669
19231,1269
17535,569
13298,269
5121,289
14413,849
20109,319
16813,809
7086,409
10988,319
170,529
16018,359
7154,609
9075,399
12920,439
7232,469
297,749
8067,379
15678,539
17813,329
13882,239
19321,1759
6097,799
18980,319
19871,459
13844,329
14834,289
3836,409
3724,419
13382,899
5384,339
9306,3469
16463,419
14330,489
18593,659
8958,289
6539,2429
5018,399
16164,439
20097,619
3743,549
7868,399
19135,459
3998,379
19467,289
9894,319
15277,309
20270,259
8329,2039
18353,369
13074,729
6760,969
18003,619
9685,449
942,319
17996,3399
3913,379
19270,659
18999,569
5627,389
13291,239
2354,2049
10934,339
12501,679
11365,489
15720,2699
17193,1539
13103,249
3426,569
2564,349
10422,359
18207,479
8860,419
4692,579
294,1029
4917,499
14246,1439
12711,199
18573,459
8855,839
14742,599
20309,499
5712,349
10173,489
19475,569
1261,479
3567,1319
8313,319
2475,309
227,649
12666,399
13617,459
13500,269
17837,409
10126,299
2790,549
15454,459
8554,1669
4974,879
15719,489
2043,509
10471,519
4252,299
14802,479
3293,539
17789,429
17102,2009
2184,2549
2780,339
16681,419
15342,369
15930,589
3009,239
15636,359
20657,389
13793,469
6053,759
9395,339
16426,2299
2343,539
9515,359
17071,359
4167,279
11406,699
3639,289
5513,759
19602,409
926,639
5101,409
3122,249
9791,499
11438,229
18646,469
11484,5009
11749,559
12480,579
7678,2459
18803,459
17344,609
6214,329
14795,759
4772,1419
11593,189
14950,1989
11235,329
2592,959
8901,449
154,389
15428,289
13344,389
3180,3719
2577,569
16827,979
10071,969
2615,309
14972,349
17908,489
17316,529
15921,239
11345,739
12887,399
11078,1869
2295,369
20095,529
9690,499
4785,409
2728,199
693,479
13192,389
4139,299
4896,419
14419,629
10046,539
17082,479
7955,309
9980,489
20633,419
17589,399
4754,329
16474,559
13558,389
20938,449
1646,499
1987,389
14785,449
5475,599
12395,329
12801,599
4424,689
9098,459
8238,699
3261,859
3648,709
13469,2009
3918,629
4054,359
7467,259
4221,799
8158,459
18298,2409
14167,439
2641,2469
1437,1249
16941,1279
12210,409
20930,1459
19310,569
4982,409
11953,469
11421,359
19210,1039
20504,509
20604,509
4507,369
10985,369
7402,1919
19839,309
12171,499
3176,379
5841,459
14102,459
2,249
17519,399
17962,279
19698,549
11353,379
10554,249
7550,489
16539,1939
2529,229
8374,1559
5189,509
17027,599
71,549
623,339
2898,1269
18599,529
1818,419
8686,219
19831,409
10995,519
18633,249
12012,249
13006,489
12604,679
1779,819
8874,269
10692,3599
4800,879
5801,499
7356,499
12022,339
10060,349
9112,559
12930,479
7438,379
1212,469
18322,209
13289,539
10896,339
12613,349
6101,249
5085,249
6641,839
6400,439
5175,309
11915,499
14192,449
14497,2949
1683,839
10736,249
13127,399
13979,369
13231,289
16527,3319
10133,489
1519,869
11449,1009
15561,3469
4868,559
4681,329
7266,519
13574,679
7382,599
10081,409
9955,929
2210,259
4187,1159
13261,559
20607,1599
8332,669
7016,739
11369,789
2695,669
18433,399
7347,569
5452,3759
11969,4039
14982,399
5341,319
12876,199
4473,2559
2195,769
13737,349
20964,259
18288,309
16667,2209
8396,379
6005,479
20331,489
13546,479
5256,289
14407,519
14454,429
10169,689
1836,299
3572,389
4426,589
2233,669
12409,509
16366,239
10454,419
1657,239
17041,2499
2556,299
4269,249
6285,269
10101,1129
10008,349
10588,449
19551,319
14611,919
4551,449
9713,239
17728,449
20705,349
583,489
16712,2099
20024,529
3897,319
20072,929
15629,599
17576,299
18808,669
1594,309
17936,359
13163,389
2610,439
13340,499
11042,449
15913,189
11234,519
6279,369
7145,389
5177,469
7694,379
9179,549
7787,2509
10134,269
15108,619
10026,939
15488,479
3636,639
5612,469
9557,1039
10769,319
8300,1349
6064,749
7776,989
19278,449
3345,449
19053,439
12151,489
704,479
4349,299
11131,469
20304,2359
3143,459
5209,439
17987,599
19229,429
31,469
2850,479
11881,449
13715,389
725,409
16096,509
4555,399
19261,469
5434,509
789,1479
9282,309
7406,919
15007,519
6511,349
13495,559
3538,649
5918,499
15448,199
19647,829
9554,269
10372,679
10350,359
8921,389
3740,609
15423,379
11244,549
14824,599
10994,749
6466,549
18514,419
2869,4849
10437,399
3674,299
17267,2789
3142,349
7739,269
224,229
20870,499
13899,1399
13879,209
20397,309
12426,349
9918,319
1831,239
722,529
8920,2309
8973,819
5610,3079
8491,509
20729,279
2889,1329
6482,859
6442,869
18671,329
8524,549
4318,209
6730,309
6696,359
7233,569
20411,509
18171,379
4181,819
3644,559
12511,479
14973,479
3921,499
12301,559
14946,599
8557,189
4373,379
7958,3499
7906,449
7015,309
15353,329
9132,319
13925,349
10132,279
9953,289
4057,409
13490,2069
18039,579
17198,609
4530,1099
12086,1259
3291,549
18254,399
2022,749
14797,399
20787,2439
16210,1599
19223,279
12871,589
20639,279
20276,2739
11623,339
3192,399
20096,499
8144,389
12748,869
15084,2859
15838,309
12540,739
4215,189
10426,309
4012,759
19820,849
2023,609
15443,389
12830,479
18623,499
11469,499
13607,849
10316,529
15255,239
1359,469
16287,2309
6178,389
13328,1269
8868,2139
410,349
20233,149
17028,429
2919,2659
8890,639
14925,399
18020,819
20354,1019
11807,2569
4494,429
16812,489
17276,379
9247,439
832,379
12415,269
7408,3049
4217,269
12188,549
15260,639
10623,1249
9361,209
15851,379
2061,309
7698,729
13578,539
20384,239
20529,229
15567,509
7706,539
5877,909
6690,499
2121,499
17445,369
3729,299
17431,539
6544,379
3252,319
10001,599
7455,1539
13764,399
13474,339
10529,219
8425,179
2118,479
8553,1739
20764,589
10910,679
13727,389
19313,399
9972,309
1475,3309
14860,549
9065,399
8209,329
6495,519
12662,459
15945,4009
8138,579
533,539
7118,429
7585,899
16980,209
20303,389
20167,529
16479,519
19167,659
6661,399
12882,399
18160,539
15882,589
6647,359
12353,449
3059,489
15333,499
15046,269
449,2119
15136,499
15632,429
15456,389
9564,419
15846,379
32,1529
2236,489
19353,959
18674,2119
2743,559
17860,189
17464,919
6550,469
483,1969
11219,309
18873,599
3299,489
13206,439
17469,819
17358,329
8070,2089
13611,549
7539,1959
11013,289
1584,509
4267,2029
19904,419
18042,299
9733,689
9613,739
6635,759
15564,479
4582,549
1358,799
2963,549
4573,499
8717,1429
16684,449
14405,479
20713,239
17093,469
14920,2079
10227,289
17099,559
6999,299
4266,279
10265,1799
15096,209
11261,499
18354,439
16955,439
19342,199
16646,389
3680,329
9736,389
19977,919
17714,249
8795,519
11471,289
18064,489
356,659
10478,479
19111,469
14590,459
12323,239
18832,359
14375,909
5980,429
17152,279
4415,549
16270,469
7437,319
4907,299
1396,1069
9046,369
13747,539
6740,669
6707,199
14328,459
2801,319
1241,419
11701,979
6425,199
1082,359
16131,629
5763,519
2949,349
10767,3419
18385,2109
3007,929
17779,339
11702,519
13061,599
6437,479
12486,2569
12166,2569
11037,1609
6359,999
7421,269
15911,1139
11662,599
9710,459
19741,439
4356,309
6953,589
13302,319
5574,469
6291,519
19113,309
16619,329
10761,1459
20775,2059
10503,539
1321,409
20229,559
9231,239
368,269
15197,1819
5593,749
14591,499
1734,569
16286,559
7795,1789
10687,489
18247,1389
3240,499
5569,549
15451,299
11705,2449
19449,599
10683,499
1018,1029
16766,489
18026,519
14759,489
20124,409
2531,479
18184,479
168,1719
5201,499
13342,369
9553,379
16934,369
9911,1859
2122,449
17929,369
3544,449
14941,739
12441,309
11156,419
12178,439
11661,369
3661,489
20027,529
8582,339
9626,399
249,569
13440,399
15641,729
18857,469
14274,529
13452,309
2478,519
13717,429
7716,249
15253,499
5125,249
12247,419
10568,289
1579,349
17967,419
10464,299
12239,3709
14316,439
12896,419
16262,539
381,419
2782,1959
6143,409
4807,489
16348,249
12635,469
11944,429
14517,579
1722,569
8187,479
8078,409
16583,569
11980,329
10628,379
1457,609
7272,449
18910,789
17966,579
16525,379
1316,549
12189,1709
20440,439
20675,449
16673,159
12809,199
98,379
10520,1109
3742,499
19064,759
1286,409
14624,569
3069,419
11436,289
1577,229
17176,939
4934,539
12788,4079
13238,349
18222,379
18957,879
13811,499
3496,299
3230,2869
10497,459
2912,259
14236,559
7506,449
20132,399
3003,549
17047,699
4316,569
19374,1109
13085,619
14490,219
8898,439
9382,399
1909,619
15188,499
8049,249
18074,2469
1634,1269
16937,419
15070,1089
11020,599
460,339
20352,579
10814,279
3933,499
15374,299
3092,449
13969,1229
7177,389
20380,439
7717,349
13181,579
11798,599
15926,399
12779,369
13485,369
15074,469
1311,739
16817,479
6822,549
232,449
11716,289
17360,249
19883,529
15060,1069
16392,409
10247,619
2969,489
16235,1059
2671,1499
4803,1879
13755,429
12837,1209
18601,889
14954,189
3654,1219
19107,1389
14840,959
10245,469
14919,389
15029,499
6831,499
10562,419
10689,219
2001,469
13276,1349
8121,1089
12148,469
1564,1379
13666,609
17821,549
934,599
16841,469
18233,419
20240,599
16636,489
17334,1419
2959,2109
8916,969
3079,1329
5204,579
15038,869
46,349
10241,1559
13770,579
15892,299
16918,619
14342,529
13910,2709
14572,709
10518,499
13509,2029
12207,249
10109,519
2941,469
1854,619
4147,509
19243,299
9761,749
5658,649
5815,519
12523,539
19146,559
16782,829
19802,409
1651,389
17955,469
268,499
4317,629
8305,809
11507,299
19790,1609
12034,299
6366,599
14464,579
10966,639
5467,389
15612,269
20311,329
8287,749
18338,519
20649,2249
3873,539
13588,1329
20819,399
7450,389
19044,509
11186,3629
12891,389
18256,479
4495,949
13790,2249
17282,429
20123,3279
19311,449
4122,469
5550,499
1552,549
8779,2359
14726,319
12388,599
4661,449
7017,379
11730,499
3165,1169
16346,599
17213,919
1724,539
16007,1499
5673,459
12205,299
15157,1799
17410,249
8521,299
1073,409
1023,1879
12984,2349
1894,319
19375,449
5117,479
10382,479
4100,1049
501,529
16394,489
9480,2569
13780,499
719,619
15477,369
4905,609
4431,409
7655,759
28,789
13123,829
8960,459
18663,279
1338,269
16339,299
10728,1279
14596,459
3273,469
8994,569
6267,1269
20644,1229
20250,459
11222,529
2038,599
7581,369
12755,909
7747,699
3942,599
15162,2549
11857,599
1696,449
14735,439
1,579
7790,439
17230,389
10314,259
16296,369
20886,2059
94,599
4512,749
3868,1589
12225,1009
11120,969
12515,2499
4646,299
12416,539
9059,619
663,569
1281,429
13060,469
17418,579
7804,459
3350,699
12037,389
4850,499
17934,2749
3168,259
18958,289
12439,639
4375,439
15982,989
17103,609
8954,649
9520,509
10840,749
19041,2799
13239,589
16580,669
18811,549
197,519
4026,699
10693,279
20221,389
11677,409
5555,369
14561,819
2520,479
7689,489
3652,619
19418,469
20089,1809
20704,459
1408,309
6304,579
8071,2879
20777,2739
1265,909
13362,1929
8762,269
19082,1409
15722,599
14096,669
10607,569
5940,329
20025,1969
9450,369
12861,3079
9448,509
16324,1799
3163,199
9126,1019
6429,459
1028,589
17692,269
14341,619
14378,469
6052,1449
12538,469
16707,609
10151,359
1350,369
7235,149
17369,1009
2379,379
18895,2769
11253,219
9823,389
11028,969
2464,709
9077,609
6964,2559
9172,429
15590,1139
20552,449
9861,279
8735,369
7486,189
2472,299
14076,989
15998,489
19164,629
5654,449
16831,599
3268,489
6076,399
17300,309
14287,3539
5243,389
1749,599
13661,229
9727,639
8637,769
17817,2099
19256,309
20948,419
18497,389
17931,579
2926,409
14636,219
4614,319
9580,689
8780,429
9891,3709
5647,2189
8268,3779
7988,1869
10832,449
17362,299
20293,269
8564,369
10970,339
15447,639
602,639
8072,439
17129,389
1777,329
9532,1529
11729,419
19299,439
12449,419
3090,639
230,409
12408,2949
475,609
4703,309
3806,419
6797,579
5472,359
4289,199
13487,289
17914,289
5515,599
9014,609
4017,379
16510,499
10280,499
20207,289
19461,349
3482,349
12566,409
10688,259
18859,1049
3863,669
19764,1339
6229,459
10586,409
7062,199
3967,389
19553,2259
6720,599
18677,379
16647,379
17121,419
19281,199
17380,399
8186,249
17076,399
9178,409
12667,4009
16413,459
554,369
18835,469
1985,499
9080,679
16043,299
5305,2439
4,529
12065,329
2578,289
12916,549
19512,999
1723,449
19115,1499
7601,299
9139,1319
7937,199
17500,399
8640,479
1834,299
3555,909
19177,309
12857,319
14988,539
1541,419
4412,289
3738,639
13227,489
9885,209
19114,1069
1833,2569
12565,199
10024,309
20756,649
5269,239
15080,449
4403,599
15471,439
13686,869
17434,789
20739,339
11338,1729
12255,609
15086,459
17684,549
12726,599
8400,489
20741,399
17802,839
13981,719
9872,349
10401,569
12704,369
12274,1439
14698,439
18141,449
11303,629
4038,439
2993,419
15855,539
10953,2569
18303,1229
8595,299
9936,499
20314,699
1809,329
1746,429
4169,739
8869,359
13743,489
7305,569
10409,549
17730,289
15521,389
291,519
678,2449
54,359
4370,329
6765,1029
13045,329
15385,389
15655,1309
7976,1469
11845,249
18010,479
6850,359
956,419
4171,819
4569,369
3420,379
19528,399
2186,489
11731,429
4041,4119
15345,419
18819,469
16464,269
4458,739
11463,379
2935,279
16880,419
1422,2649
20019,539
11707,469
4769,219
18650,449
17614,489
8823,239
10037,2779
14743,239
18279,349
499,309
5819,289
16588,369
18772,379
7485,429
13217,649
2296,499
8964,609
18062,669
9799,429
9279,319
18852,789
1597,209
78,549
19516,599
13701,509
8428,449
2404,599
4529,489
8918,409
16984,409
7237,339
5598,479
6588,559
12770,799
11582,439
1381,589
17107,499
5549,479
9476,319
12945,669
17178,349
6587,489
16459,229
8170,529
19000,2779
8197,309
12084,249
12996,399
12033,529
12295,229
12184,759
15953,549
2466,639
17305,499
20850,769
18266,729
15094,489
13281,399
10296,579
7094,1889
6034,419
5234,499
10617,649
16897,329
7759,1259
19032,689
9054,419
7153,349
20214,349
13598,419
13801,919
3741,419
8716,629
2582,379
13178,329
14714,289
17794,329
2930,969
3078,409
8343,329
872,3599
20298,269
14054,409
6388,479
18332,219
4247,2049
6651,399
7782,369
19403,329
138,1619
9327,439
1147,469
6422,199
11768,789
15130,1099
14686,409
4748,559
15578,359
952,369
15398,719
5889,239
1768,329
18210,409
11676,559
17783,1479
8347,499
20686,579
6025,1239
4504,379
5290,299
8528,359
10718,579
3450,549
20444,749
6628,1579
19052,1179
5261,1059
11067,399
3264,409
11127,709
17385,599
18348,459
2364,249
11814,369
18783,289
4164,519
12936,2769
8210,279
13171,1869
6207,269
11631,1559
12720,589
15869,519
14769,2089
14288,309
4135,299
13442,279
6328,909
17116,249
18615,389
19271,1329
20425,549
6236,639
14059,829
16005,519
20144,329
16410,329
1158,429
19062,519
18358,1669
1551,269
7676,899
17652,489
16236,429
6935,769
7010,489
17772,549
7561,449
6373,539
11673,319
12814,289
18585,3209
4351,349
12754,719
329,419
2690,599
15247,939
16938,429
20385,419
15251,1299
6247,499
15990,2019
10572,579
13636,479
2599,249
10199,499
15540,189
20816,429
7111,529
4622,869
3357,499
18520,1019
4561,389
5978,629
470,1379
1782,2109
4023,499
2183,859
17844,1029
19739,379
11632,439
13689,189
10430,399
638,409
8922,529
10779,419
6643,429
7555,949
11840,399
17133,459
4882,1969
19778,499
6225,599
15320,519
12907,1389
17503,789
10581,429
13424,349
9687,2839
8843,1199
15236,509
2652,509
15500,1159
20224,189
12954,349
14717,409
3807,349
17391,1979
9963,599
14489,469
4254,1049
19393,449
645,479
8366,609
18790,249
10992,349
11843,509
244,349
8977,869
15850,1149
11356,469
9563,319
2557,439
9670,239
746,409
13164,2269
18121,1039
20287,159
5567,979
25,599
6593,4209
13426,469
11318,589
20825,419
14477,1729
10600,289
15396,369
3205,289
5823,469
1185,359
13065,629
7800,449
17854,529
11032,1429
12510,459
6391,579
12240,679
12700,1069
17283,489
11564,299
3507,439
17386,519
10788,1109
20592,559
17498,609
2242,419
18775,229
5372,229
4560,219
2498,2279
20177,319
2353,469
1908,299
4834,1239
17522,759
4263,489
14434,2449
13158,539
17260,499
12420,489
11135,1269
16423,309
3354,409
13352,599
10414,419
20172,439
5024,419
17242,1519
17145,369
12335,1239
15382,409
6942,419
2297,409
10979,309
7679,489
11710,279
7640,209
10636,539
10351,639
1069,2789
7653,299
16121,2169
1061,679
1800,1199
1766,459
13416,519
10629,2199
4535,349
8414,339
14094,299
7803,429
1612,1019
18746,419
18317,2049
1533,549
12475,569
2239,329
5388,459
730,149
688,249
19072,1709
3796,499
5176,1299
3493,3079
16052,529
2612,459
8140,499
3495,269
1366,629
8291,929
14579,309
16202,609
3626,2109
2147,479
2314,529
13906,389
14595,2439
4062,999
9905,2429
851,989
15419,459
7151,979
2814,419
16931,419
3044,2529
1589,469
19013,199
4086,329
7549,949
16063,469
9001,199
4722,489
15762,449
8437,399
12392,409
15566,629
10526,649
4209,949
5368,319
9380,229
9723,819
11187,789
17565,489
6438,559
8522,599
8809,579
19460,269
14810,529
1247,529
6451,359
13446,879
4294,749
11105,429
4706,569
17223,669
990,569
13938,399
13128,459
13510,879
1068,489
13669,549
10232,479
10895,469
14074,419
20712,199
3243,1179
387,409
11797,449
1558,479
5242,349
1802,389
17427,399
1481,299
13575,409
15603,349
11054,519
2331,489
732,739
1733,309
9618,629
15303,499
13792,319
4292,989
14704,249
15015,399
13466,949
20319,579
15305,799
18117,539
19252,499
709,239
19274,449
3958,449
15019,429
19331,719
4411,569
128,519
11741,669
6930,269
9246,499
8047,389
729,469
15973,349
2739,409
4679,449
14708,1059
6276,379
7920,309
29,219
8155,639
2347,679
16350,329
10236,299
3114,569
6427,389
13414,699
17466,269
8183,319
12243,389
12316,599
9501,449
12366,289
12836,409
711,269
8426,339
19572,389
10574,2929
580,419
343,459
10385,399
17398,409
19410,489
16873,329
19758,449
17003,199
14741,1039
5571,529
6197,469
1189,1049
2446,1019
17022,379
3990,439
12783,469
13224,239
9215,1069
550,469
3292,209
14654,569
7780,489
2749,1729
19794,749
10733,699
8097,279
15204,519
3676,449
13054,289
17232,549
13820,259
3374,309
18259,389
5586,379
16787,339
7975,469
20374,519
13162,379
19176,469
14995,1809
12944,1349
4950,359
20433,269
18536,2279
2929,399
11195,339
15592,419
139,449
15231,149
8688,389
14807,459
2718,449
18410,659
9043,379
1680,3049
4840,419
17128,2259
3834,889
13742,199
7171,379
875,369
15239,409
5785,489
11379,369
13956,399
8042,499
1896,489
15770,379
18698,199
19655,3539
4035,509
6171,639
17885,339
16217,449
18979,1649
7246,879
9339,439
20407,449
17209,1039
9176,579
14523,399
4168,639
2558,299
11058,249
15093,499
15556,2069
10648,439
14028,329
18103,839
17511,1859
2392,1039
4723,629
2562,499
12394,439
19707,339
426,529
18789,349
13676,499
9100,349
10567,639
3037,279
16338,539
5949,489
12518,409
13488,679
13118,439
6714,969
3575,269
13671,569
12571,329
19919,299
12631,579
14883,339
14425,219
13949,459
14178,479
5892,199
10987,349
6319,439
19585,539
11214,289
7844,1049
9848,379
9290,509
10436,479
11940,389
6045,1909
18659,409
18810,349
1613,629
7415,499
19011,659
3659,669
19607,449
18932,789
6926,399
8025,459
5905,229
5479,789
15891,1639
7392,1609
20093,379
10165,429
18107,449
13441,429
10444,2389
1828,499
18971,419
9698,149
586,429
16909,429
2710,499
7133,359
16648,339
1897,339
2490,339
344,819
8713,399
11778,469
3217,149
19879,729
11415,1099
2655,319
1959,569
4471,459
2811,499
13950,379
16650,379
11626,2439
6481,309
7468,289
6858,489
11238,409
6548,4129
3757,2369
6768,2889
12061,399
6023,239
110,359
4663,629
9180,749
11075,2719
13866,1199
11644,369
13503,499
8466,1089
1160,469
19586,499
11548,1189
9313,1469
15160,429
8830,269
10661,449
13702,389
6856,589
5394,559
18883,469
20783,319
9150,339
11871,449
14733,389
13754,499
5092,589
8654,539
20402,569
11429,339
3534,569
7760,599
20654,429
4233,409
10714,1039
4273,409
8691,349
20255,499
14119,319
16106,709
5519,699
5897,259
535,1349
20887,1379
13601,459
3988,269
12201,469
6633,489
3720,419
12915,539
15110,809
17031,599
14987,389
6257,3869
1065,1089
7529,329
5657,239
3258,579
17235,479
9938,379
4640,829
9606,699
5484,2559
11825,419
10487,959
18022,259
1436,1409
5622,199
4330,539
14450,2089
20805,219
10680,439
4588,279
679,609
3211,1189
13047,359
6275,529
3346,469
14513,1829
10878,2029
13410,409
6879,499
4462,479
4921,249
5291,459
5420,1719
3778,609
20931,299
2550,319
15224,2329
11802,419
12912,439
15005,1099
3193,439
17196,499
3326,2499
10141,1049
7992,499
7521,249
8527,329
9829,549
8510,259
16055,269
20677,1139
16868,399
10660,1589
3531,379
7098,419
3132,189
18682,539
13185,309
3545,329
12030,319
5266,2759
11516,1119
15179,1629
9769,889
16379,2199
18032,429
6817,509
15834,529
14037,879
10868,439
16536,599
16418,449
3341,299
4493,2209
674,549
14331,639
20482,2149
16250,299
8978,339
19775,1989
5296,319
18511,409
5258,469
10732,519
1789,1999
20541,949
18844,449
7029,479
20227,249
12456,1009
19760,469
18417,309
17066,489
13745,369
9653,249
20079,739
20364,699
4125,3319
20307,639
18502,549
3520,239
10792,2399
8386,319
8337,899
17089,1719
4984,549
7816,3229
11008,619
8573,379
543,209
16401,179
8543,749
5013,669
9477,909
10725,539
2774,389
9997,409
6162,199
5080,289
8647,499
10905,289
6125,639
15331,2249
1796,2499
16898,339
15569,509
6756,419
452,319
15857,489
937,1459
16380,249
7040,359
11588,449
13865,369
11090,1299
4234,2319
14767,389
15873,499
12299,519
7566,319
9069,599
8581,259
7877,279
7604,579
3456,489
4969,689
10655,489
8568,909
15628,349
18638,309
8778,609
12164,509
3305,479
173,449
6513,559
13596,439
17495,299
11368,379
18000,519
15446,459
8585,229
2714,1689
17100,339
20423,249
4990,299
79,1279
6017,579
18178,629
363,459
4869,479
6484,599
5782,349
2798,309
14926,399
11243,249
3801,689
14808,329
16142,1369
4828,649
10561,269
19535,379
10515,299
17635,219
15967,719
8165,449
3799,499
8963,3329
10710,719
5778,289
13658,419
11419,439
6312,869
666,539
15669,659
3107,1059
17510,689
19084,379
9743,399
18316,289
6554,529
9308,1089
14693,539
5777,2789
12810,389
3021,259
16507,529
7625,329
414,439
7044,2999
7508,499
11531,569
8142,3149
17749,299
3753,909
1211,569
19826,299
11726,419
7779,289
18251,309
19330,549
14223,2099
15000,359
19853,499
11640,309
7124,619
12477,599
2911,149
3452,359
5639,629
5267,409
17457,499
17946,439
19926,1769
20204,549
17447,2239
18998,469
3288,719
2007,329
14190,449
19349,839
5954,559
2611,439
11309,409
16068,2759
2237,669
20222,299
8758,1959
11212,389
3920,499
15141,489
13117,199
6650,249
16677,2549
5546,379
7880,329
1492,399
11478,319
617,439
20958,489
10584,2209
12198,419
12639,249
18038,299
10363,569
9272,479
20146,399
8306,439
18273,1249
12905,469
8737,229
18424,389
4048,1089
20281,1439
7927,219
12070,539
14354,539
15726,969
14548,539
1119,539
5232,359
16849,419
11115,789
18733,389
17204,449
3173,429
13326,919
6051,399
10479,569
19309,299
10000,529
11245,629
15639,719
3364,119
14857,259
16703,1049
9196,359
5667,289
7130,419
2822,489
1576,289
145,409
6007,1229
2406,239
5142,419
9774,659
3219,619
8274,979
8001,319
8708,419
1667,339
1820,499
4359,569
12644,549
7428,399
3421,589
3624,669
14012,559
1081,309
4774,929
16978,459
9421,439
11839,499
18760,1289
16194,2649
14322,269
11291,279
16156,479
9004,299
5230,459
11393,449
6282,459
8627,469
528,379
11099,539
2248,349
2033,549
6506,2449
11540,439
9656,809
18357,749
5063,2109
11432,509
20790,379
18924,429
4264,459
18901,259
17160,239
13090,969
4760,1319
14581,699
20551,2099
5461,349
13916,539
2058,1049
5213,669
3642,629
19654,539
8864,309
12284,489
6065,279
14402,419
471,559
4386,289
14033,499
17366,3869
15228,459
9821,449
10107,3399
16391,389
20469,479
18091,2739
6239,2209
6785,329
1793,469
12689,279
12913,369
5772,379
8251,759
9248,1059
19700,449
11813,419
492,449
11615,1449
18167,549
4705,489
12048,509
4612,359
9739,289
2352,539
1405,469
522,529
4241,469
11437,319
15402,769
4944,599
18846,2939
17215,1499
1986,559
9909,769
2460,319
150,369
14159,439
7895,649
12029,2549
13698,539
15704,2109
7532,2159
19426,489
7723,759
12410,2759
9226,499
8293,409
14078,2799
3024,469
3968,1869
16455,299
4877,409
18432,499
9487,499
18562,889
7018,329
10731,479
20247,639
17523,829
3321,839
6583,569
10698,529
16837,729
7837,389
5137,289
7630,139
13555,729
7960,599
5203,509
17294,319
9516,589
18894,579
7749,609
12459,439
11983,399
17262,429
9536,1609
5653,479
6890,259
1898,199
16155,609
2779,339
2010,659
11784,2079
11872,559
3181,429
15438,509
5738,2069
14293,149
19248,389
17571,949
18820,559
1763,719
1618,379
14978,219
8906,499
1706,589
6613,889
1327,479
1215,409
17744,439
4782,469
19565,249
1015,1139
6988,319
4003,399
5713,2129
17968,409
14297,199
1568,389
17578,3339
13731,569
15420,559
9960,459
17531,679
15061,469
7919,569
12747,299
19567,1879
314,369
181,589
3665,509
11609,299
13608,659
15940,1089
12305,859
11500,499
8893,569
2589,539
13111,429
13330,789
11325,319
4798,739
10116,1239
4481,309
7216,329
5402,299
6147,499
13650,1879
17974,489
6227,249
11959,689
5486,2849
4728,479
18793,249
8355,3229
1585,479
10488,449
10839,239
14903,459
1166,909
20327,929
8364,1729
3928,1339
13160,679
3105,549
9363,749
3100,439
5156,419
8402,269
12158,499
10559,409
5512,1729
18479,469
1204,539
7082,729
19097,219
15379,469
6360,1109
17458,529
8513,299
5241,619
6149,329
4490,419
4322,549
7966,309
18688,559
19296,579
4144,399
15715,499
4649,339
2907,309
11161,429
13174,499
17442,359
3207,309
20288,209
6245,399
19657,359
13079,329
6531,469
3002,519
2227,249
9207,439
169,499
5694,529
5015,439
4677,559
3049,259
18926,1869
5071,459
18955,849
18467,199
6397,449
9087,649
11485,699
15485,889
18274,2479
16253,549
18589,1699
15723,439
12078,239
8420,369
1504,469
20136,609
1491,2209
2824,1449
2849,2319
12749,389
10118,479
9347,459
9374,1729
118,569
16649,2549
1264,429
430,479
17236,749
14193,599
3602,529
6237,259
19944,309
12618,469
18084,669
8703,359
2021,2879
8817,1499
6344,479
8026,439
1614,519
6708,299
14649,1479
1514,429
13789,929
2666,459
15045,1129
1020,299
2224,389
20601,739
7491,449
3246,259
468,369
16818,2889
18582,569
3089,469
17781,189
683,519
12862,1909
8230,199
4380,389
6168,2569
861,419
9369,349
10115,2359
19694,519
12287,429
7088,529
11444,309
3378,489
4521,169
2402,539
5984,259
12398,209
9064,229
20652,1299
14700,1619
6181,519
1814,269
11748,309
20297,429
12260,479
15763,4129
6718,239
16218,529
1206,259
17871,189
9729,409
5140,499
4177,549
8319,639
4726,439
11681,579
18654,2799
2948,599
11688,449
5424,879
12771,479
1775,399
11779,489
7307,2429
14880,459
8271,469
10537,349
13552,299
6774,269
1107,379
7390,599
20086,489
5730,519
5826,1389
9513,349
4204,329
13175,969
3057,669
19518,479
10624,429
3467,2529
9013,2279
17693,669
17707,639
4566,339
18217,199
13233,209
5227,469
736,509
8607,1629
6887,409
50,2619
12603,399
16582,509
3981,629
2534,4169
1512,489
8334,499
768,569
15496,439
1726,369
14088,269
3119,169
17918,449
2485,689
3645,1169
19674,219
18642,1699
633,2349
18568,399
16010,229
7788,2889
10281,649
8188,529
11526,979
22,329
15653,489
7172,299
18570,609
6721,999
13629,1289
16195,709
16012,509
17604,439
259,459
8618,899
15154,319
15769,299
4693,409
17953,2109
12582,569
10635,269
843,1949
9717,1239
16467,879
15230,359
6002,2239
20579,619
16722,2149
2729,579
16158,729
6113,429
19456,2569
14651,379
19474,429
10947,219
20044,269
16405,2139
4454,489
52,859
13354,319
16547,1389
17856,509
15030,399
20213,1149
13685,1349
17017,549
15264,559
13168,2589
1342,239
11695,219
1272,559
12595,1799
1465,579
14510,429
13088,329
12040,499
14658,309
13963,409
6685,419
7325,959
7265,349
10651,709
15024,539
14138,1499
7558,449
11764,589
13616,2319
9881,449
4923,419
11935,839
754,349
12508,379
16034,1409
15408,649
12374,1139
5965,1449
4457,299
20807,209
9312,379
8537,269
7700,1229
11202,519
2435,2139
2152,519
16485,819
10481,189
3425,269
10261,589
4888,459
19427,2299
4796,339
20182,709
10885,289
912,749
407,809
2499,699
661,669
15536,319
19889,339
12707,2239
8987,449
2794,259
14648,869
2027,279
20328,419
8458,389
17203,399
17586,519
16822,419
7000,509
20521,729
9280,199
8668,249
2024,759
132,1149
19327,479
6970,689
4398,679
11232,449
7059,439
15772,439
15492,419
17051,459
13084,319
1085,459
13901,949
2165,439
10384,349
2100,569
16894,479
2055,509
4409,379
1610,269
13862,1409
14838,3279
7537,289
4780,409
8734,359
2503,489
349,1149
8258,1869
6019,2239
10420,909
11743,619
12063,279
14673,299
10801,609
18398,629
8369,309
120,389
15133,2169
6692,499
8530,229
16497,459
9587,469
11311,199
136,559
6287,259
14966,799
11233,529
10344,389
1067,499
3547,909
14537,389
9244,379
3402,539
18825,559
9944,669
12062,469
10003,1039
20814,1309
2806,2559
8882,299
15833,1009
16498,629
222,559
7005,299
11071,429
2893,279
11416,599
10319,259
2232,449
1623,1889
14793,359
17388,499
14901,329
11082,499
5993,259
394,1529
17599,1459
14249,299
13565,399
3872,639
6870,249
352,449
10925,2309
11487,1209
14242,289
14538,439
4372,269
10068,1379
16899,429
11201,459
18814,569
10179,1299
17342,249
2373,989
10653,429
11402,429
7499,359
3263,369
3927,359
9031,209
4835,1469
2700,459
20382,1229
12661,349
18326,249
18611,369
16948,379
7934,329
3597,1529
6965,329
6401,309
870,419
8031,459
11109,269
16518,299
1889,429
19294,239
6358,429
16387,229
13863,509
12844,259
10734,679
8787,299
14161,359
17594,209
14118,359
20225,3229
1532,1109
3279,339
6470,349
19757,779
19227,349
16252,729
9504,499
9047,399
10510,2279
13649,469
2809,389
12653,499
7358,369
15778,329
11799,849
7444,629
16109,289
13834,649
5722,669
4456,269
4039,399
6281,359
1878,699
3151,1329
14369,579
5218,739
7598,689
9403,419
753,729
601,369
18913,469
7013,339
11804,429
11664,299
9669,229
15825,409
7006,359
9324,2429
11624,1389
6132,249
13151,459
15866,409
17378,429
10402,349
16469,479
19895,399
17662,449
2080,449
11363,969
15138,409
14907,469
17430,549
14026,469
12406,429
6238,1419
1398,589
2494,409
12759,299
17776,389
3977,329
4018,199
6556,2049
3351,449
19437,529
1970,629
15262,1129
16072,309
13675,319
9549,2339
18208,369
9952,289
13530,1479
10610,379
2686,439
20937,419
15659,549
5206,249
12894,219
13341,299
4783,839
16470,2519
13448,599
7473,379
14494,749
11320,1769
15871,519
1004,299
5179,749
19882,399
6845,3269
19860,399
17126,669
16825,349
13070,379
20212,379
16630,399
17444,499
8961,819
4342,679
10854,259
4791,449
14484,629
15363,2089
9682,299
989,309
18609,309
12762,459
15963,269
18232,589
4915,599
1975,469
13473,759
16759,1109
19504,679
17639,499
3906,649
18701,309
19268,559
10373,499
9266,879
1208,689
5265,659
8376,369
2702,419
5370,459
7158,789
5726,2249
13945,929
17101,419
5606,329
20042,289
17591,579
8223,509
15378,1469
20164,259
4524,539
9822,539
3657,959
1490,649
5430,419
12094,329
84,199
9818,639
5893,1459
1029,529
17370,2709
18755,309
9113,499
16976,419
15576,2729
18175,3519
15904,489
19057,449
1819,849
13807,319
4676,279
14219,1469
13386,459
4857,959
18930,969
8141,909
14455,469
19886,359
15860,439
13808,269
6901,2469
1219,409
8006,919
3412,449
20693,389
4511,259
16298,499
15950,369
4633,449
11454,239
11945,439
13267,309
4623,429
15271,439
2639,369
9425,529
55,369
12028,269
17327,869
2587,409
15032,1079
3569,469
6976,299
16025,629
9825,209
10453,339
10509,299
12356,839
8698,439
2866,289
11893,389
16477,459
13803,379
16221,329
1244,649
20147,389
6514,389
811,1509
8304,829
7758,509
6909,2079
95,509
18377,209
11474,389
4389,279
14112,469
2840,2139
17429,419
4429,1809
8899,159
231,409
17389,529
3837,449
12232,379
6308,499
9576,439
18555,509
12476,1509
18033,529
699,199
13531,499
10128,719
6163,839
17545,2439
4222,299
13001,449
386,2009
8872,429
19530,299
17478,419
18341,2069
14189,289
9855,239
17905,279
5159,459
509,359
9805,2709
13333,439
11859,189
137,349
19783,2189
1236,3169
13436,549
6303,459
14403,289
16526,839
700,299
12556,609
20128,429
17299,419
20202,349
18260,979
16358,359
8185,1819
18706,189
3302,499
14756,739
4393,2069
10077,639
7101,519
5186,589
8870,489
12568,499
19241,279
9140,759
19827,1909
13560,569
1553,369
14800,2189
16178,459
10598,1049
7197,309
12263,459
2839,829
2451,719
14412,669
8765,579
11239,2599
3907,389
11718,309
8789,519
6111,449
14812,269
12320,689
11782,599
14209,459
3814,2989
4182,509
16671,719
5496,2099
15631,339
7435,279
19205,779
10749,749
7424,449
390,329
5483,569
2273,479
19866,269
12020,559
20016,469
19112,229
3224,519
14873,369
8358,939
16624,1239
12736,469
19527,399
19811,409
2263,489
15677,399
906,1039
6409,369
374,89
5118,299
20943,549
19489,509
8339,529
9762,319
9803,649
13591,369
17959,629
20636,379
16549,439
18425,699
13851,589
16471,199
16586,599
12976,319
10480,309
9147,399
17661,209
6552,2079
18574,2359
11335,419
9278,329
2194,239
18618,699
18478,1369
950,1369
5166,409
13407,149
4065,379
12684,1989
13249,519
7682,529
2515,2379
8615,489
1817,369
2860,459
4027,1409
10217,489
3671,909
14449,579
2214,399
18397,1729
4416,1159
10862,449
5036,1389
47,1579
5640,399
12283,549
20573,299
6522,369
17853,439
5737,609
15624,359
853,429
18216,339
19980,419
11852,559
7551,259
14292,319
10413,599
19629,379
15896,859
15184,359
14404,349
5093,309
8323,1039
19453,469
3327,469
17125,729
19822,539
5932,399
5764,369
9111,509
5151,259
14943,1039
741,479
5456,549
8771,279
303,409
11464,429
12146,399
18201,449
11612,7639
9156,559
8082,349
17154,749
4912,379
7980,399
17227,429
11757,449
5250,439
3683,409
15893,289
20359,549
3074,849
13478,199
6815,149
20085,359
3428,469
13683,239
10176,359
2081,2579
8502,389
10750,439
19335,189
10716,2099
15748,809
7535,399
9141,299
17460,469
11830,2559
18085,1139
15334,679
19746,2149
15861,499
15281,239
16963,449
14011,1249
16101,259
6210,579
5935,909
7204,929
13317,319
6984,299
15620,299
14263,299
19650,259
6793,369
17754,479
12290,3349
3853,329
19138,519
17426,469
12003,519
12471,219
5909,1729
16596,429
16699,1049
4829,1859
18655,339
385,1069
7224,349
18992,399
6039,389
19634,1679
6626,299
17787,319
2015,219
8718,499
3486,499
18149,309
13264,499
15616,369
2680,549
12270,439
5386,329
15436,1059
4236,329
10152,4659
6751,269
19220,179
3961,3639
9961,549
7100,639
13258,299
17886,289
1373,379
19541,259
11958,199
11967,389
5470,369
13527,459
11555,409
19536,339
3179,829
20799,839
20559,539
448,299
1138,379
20009,459
19246,499
13143,499
2775,509
2035,349
14938,1499
11031,249
1923,489
15908,359
10633,369
18426,339
1628,489
7173,419
14310,529
9081,349
3259,479
16182,219
8417,479
1046,319
9060,369
4109,1369
69,569
20165,619
8709,469
16137,829
4102,369
3553,599
19388,1679
10844,519
4977,409
19276,429
1304,399
5055,1049
10821,299
7913,1479
15487,239
3473,539
18752,279
10954,429
8689,459
15497,939
8148,199
8519,789
8552,629
8412,659
8237,879
17638,249
8705,259
13517,359
20378,379
9116,169
6131,479
16996,549
13257,249
11159,519
10841,749
19503,539
12453,679
13230,389
8858,829
20336,229
5298,269
1534,299
15687,359
9155,199
19874,569
9577,479
3384,379
17035,419
10353,1439
12888,269
6636,569
14204,409
10423,469
10225,619
4995,749
19161,559
1874,299
19772,949
14788,409
1980,739
3375,389
9426,839
3409,529
2762,389
20179,229
3934,199
19817,299
3760,569
20782,499
3096,279
5645,199
13336,749
3407,689
3766,2569
18693,279
4585,569
20697,339
3777,399
6897,299
3437,219
20539,289
12593,399
10055,799
18252,439
17805,479
17580,449
10613,389
5677,309
12777,429
8923,399
12279,929
18877,289
17888,269
20498,439
18240,509
10410,929
16341,2369
11113,249
13587,789
18523,749
10668,859
2988,609
16133,1929
18974,309
16084,469
7831,499
16570,339
13982,379
4690,729
11254,359
1112,549
11085,509
17791,409
20002,499
2170,169
1731,569
7668,249
18154,499
10580,2249
4279,409
9253,1909
8399,369
19395,2339
14822,579
2067,239
1292,149
16157,579
17130,409
4120,489
15972,869
13247,509
9318,4749
18993,1249
20001,429
8345,279
6777,469
1197,769
3684,569
805,429
810,579
14957,599
15261,419
11418,329
19320,259
11200,1729
9049,489
1656,2079
7978,699
12725,969
12659,489
17782,429
14108,1339
14501,249
9433,3159
11392,749
11398,429
5193,389
15388,459
16811,2809
15371,589
5419,499
4133,649
13284,459
17916,499
3348,559
9217,289
11180,399
10658,409
20034,709
14532,499
2181,479
16568,879
19921,459
1203,419
20450,299
16141,239
341,2549
5171,449
3817,479
5939,2399
962,1199
8393,459
734,419
4331,2219
2223,339
8456,2419
11204,479
19020,149
7731,519
11359,589
17122,519
20150,449
19465,279
11977,299
13212,479
10746,549
4046,839
15115,449
3045,359
6786,579
5917,349
13449,489
15685,289
18586,609
993,469
14959,359
5239,589
16982,309
6159,529
1755,709
17217,409
20260,439
17657,499
16374,509
12668,749
3147,1299
9203,479
18658,1049
3162,479
9264,359
11208,319
1041,339
6555,569
20449,339
5921,1469
20853,419
13817,469
4600,399
8643,479
7299,329
11763,1039
16622,909
8365,709
3048,209
10234,899
1876,659
16932,319
8989,519
7219,509
19469,239
8862,319
9707,459
15740,489
4802,519
15214,439
9575,1799
8145,389
8468,629
12120,409
4427,279
7903,489
5963,349
16336,529
7627,429
9926,399
10599,379
13038,369
6289,549
5934,1469
4879,869
12100,569
9770,509
15169,369
11976,319
12957,659
751,449
17700,379
13150,749
20572,1789
4366,579
19677,459
12342,969
4055,489
6827,649
17598,739
16950,449
13389,469
18953,499
5301,659
10452,429
16960,479
8248,469
8254,889
2763,2059
7970,289
4242,269
8722,469
9585,419
3883,409
18236,329
18726,979
6907,539
5273,589
18989,499
2939,319
12835,389
5365,389
3984,539
3399,359
85,459
4691,289
4572,479
9917,279
2947,599
5568,389
971,419
19769,419
1671,259
2629,489
5547,469
14850,889
15285,729
2440,539
15932,629
6731,449
11209,2529
8476,459
14093,439
14408,539
17180,269
7370,269
18143,439
14027,529
14614,569
2415,369
18792,879
822,629
14974,679
5735,1229
13662,429
9103,359
12202,259
12364,559
3262,399
12193,269
456,1359
10097,719
9902,579
2172,349
3457,449
4816,2269
6830,379
6898,569
16711,1379
18569,1139
603,3079
16542,2029
14661,259
10269,429
1861,289
12302,1039
4479,629
3746,569
17890,1029
7282,529
20844,489
4872,529
911,319
16954,519
14688,449
20703,509
676,1339
1262,429
18321,559
10881,989
1235,509
19152,439
16354,329
8577,449
5523,1029
8610,379
2647,609
14376,1049
9883,489
10170,1459
3793,1549
5868,1869
14083,479
17682,379
13358,379
12253,329
6710,449
9445,449
14207,479
7414,309
1531,339
4832,329
404,759
17404,1049
12796,809
4480,879
12248,329
14380,1729
4030,569
11538,539
829,309
6433,2569
16751,299
8462,249
5789,369
3732,449
10028,319
179,369
4093,469
4186,279
17964,389
10810,509
10838,469
18762,469
7210,439
9674,229
13827,509
11493,509
8790,579
3287,569
14265,1129
1133,1039
428,459
11737,319
8283,349
19588,219
6919,2169
7493,379
15414,329
18352,1339
2344,229
14895,359
20611,649
4001,479
14492,489
11659,1829
8940,419
6353,439
3228,469
4108,499
16936,269
10164,369
16378,529
13667,1769
20517,659
19180,739
1410,599
11288,369
2427,479
19423,449
4747,2289
6918,199
3157,529
7410,249
14918,479
9522,399
16959,709
11556,389
19290,749
10209,1969
6847,619
6963,369
8902,569
5446,489
15078,409
1642,249
1050,579
8089,579
4068,629
14360,399
1765,1859
11354,949
12319,579
153,629
18206,529
15880,269
5083,419
20560,349
6619,439
7258,389
8635,329
20174,369
2240,329
20625,389
4417,669
12982,439
18077,799
7475,929
2723,409
864,479
7275,429
14732,719
15449,269
18765,319
14355,1779
7407,1449
7766,229
9785,419
3562,169
7669,459
8772,989
18136,1039
9020,2089
9249,249
4443,299
20363,399
7941,419
10376,469
7693,219
12817,219
14858,249
954,379
19075,339
19747,1869
11275,299
3758,469
20594,569
20577,319
15716,429
2733,1869
16951,239
18097,419
3358,429
5765,679
1546,389
5020,349
703,279
11348,409
10903,509
9551,199
20275,269
5221,429
15679,429
7666,309
7445,749
8172,379
718,609
7943,489
11987,529
650,589
641,2319
7981,329
7956,479
11451,599
15399,269
11428,1359
20779,549
1417,2429
10009,469
8397,2069
5584,539
12440,339
20478,749
2187,999
15693,199
9675,489
20160,1299
13744,519
4076,1049
19509,379
2231,489
16065,2289
16537,669
13886,469
2288,519
3903,459
215,1009
16691,479
19019,549
10638,489
7500,389
7103,3719
10785,499
4192,329
5656,249
19979,649
11787,529
17926,439
7474,279
7120,349
12102,649
10474,309
1115,359
19939,339
4220,1609
17803,719
12715,309
9484,479
6600,3059
14642,2119
1388,329
13400,429
20187,299
18722,359
17651,399
18864,2079
3458,1499
14695,459
1621,1869
4983,439
19868,379
8861,1129
12575,469
3152,479
606,699
12993,309
276,279
16661,429
18867,439
8748,2249
4487,589
9067,469
11025,739
13933,469
15558,629
996,569
15706,209
9635,289
19668,459
14258,449
15713,1669
9088,1229
10609,509
16495,389
4075,349
13023,429
16533,469
16660,309
6943,489
17159,419
10175,279
7190,789
17991,1659
11290,3169
5848,479
13353,489
18118,699
6154,209
8485,599
7311,239
9939,479
8280,689
15499,1339
16145,429
17441,399
14077,1499
12671,589
5492,709
17546,489
5646,379
14791,559
9725,459
9213,309
16916,309
4470,1959
13255,2419
15739,649
14127,359
5608,289
5849,3419
8413,479
17725,439
2301,399
20067,369
12829,339
9824,319
9704,1449
216,279
6485,479
6492,279
16810,499
1079,1219
20878,369
2966,389
12594,2739
20418,1419
2815,389
20050,1209
7249,1039
6698,1479
6407,469
19744,579
13221,259
13049,1929
18639,1429
19927,689
12892,359
2387,2049
17336,619
13131,449
20848,339
5878,389
13927,409
2925,639
865,439
9677,459
13248,779
20788,1129
19255,539
4142,469
8867,449
20940,2309
4197,509
1940,1799
18544,449
488,689
17417,519
15546,449
6515,299
9261,799
12083,449
15544,289
19888,199
4231,469
503,299
13859,249
18981,209
18200,439
17330,3879
13498,559
7614,309
14085,239
2505,359
7670,589
11723,199
9171,469
16993,359
9090,149
15841,439
2960,499
13266,239
6403,329
5281,279
9008,669
16097,929
17302,509
9285,269
7375,399
12052,999
4864,369
5511,509
6762,499
7909,359
20749,369
7736,709
9078,389
10735,459
17734,539
14278,289
11527,439
16148,1049
10493,349
5287,449
13044,499
10332,509
16752,459
14872,439
5471,449
14547,299
10816,289
17901,779
20532,289
9981,399
3877,329
17375,299
15987,1619
19035,639
3269,1389
12917,269
18940,399
15111,449
10483,539
844,389
13897,459
7349,319
11049,349
2133,499
10502,339
9882,199
13730,419
13543,439
7595,379
17094,1899
16603,249
10570,359
10321,519
913,869
7622,819
8004,739
19193,419
8486,479
16466,389
5403,299
6222,299
143,369
16342,289
10690,399
20858,2269
20707,599
1928,499
10508,329
20099,899
9778,459
20791,579
18345,499
16600,379
15344,289
4165,289
11347,439
13959,399
20324,479
5659,479
7170,249
18577,499
6315,569
5031,659
4152,529
18155,329
2303,329
4611,479
6780,1899
3876,1029
17259,269
18099,219
5345,399
16079,839
17340,659
13628,249
18531,349
10595,399
4143,359
16081,459
18543,679
17873,479
17796,539
12874,199
10941,389
316,659
7733,449
13076,4839
3762,299
17432,569
4998,499
11278,519
5834,379
3812,519
17476,349
1059,439
12674,549
14417,299
5678,409
18128,619
13058,3269
3721,999
3556,329
19068,449
8508,2659
7504,389
9640,319
7761,559
639,489
11810,349
3528,419
20511,759
20563,569
9120,639
19738,329
2202,1309
8955,489
13668,479
7859,209
3735,679
14763,479
15608,449
9859,169
5628,559
19733,309
7367,459
14440,299
18976,479
15867,1799
6701,409
9594,1179
5356,219
13830,389
10532,769
20622,389
12317,189
148,339
13638,669
12417,639
18751,399
2116,569
1744,389
2620,369
20386,1829
7436,389
20642,419
20888,449
18766,559
246,559
315,349
4146,419
5199,1109
17395,379
2682,509
2518,349
11414,249
6680,409
12619,499
12718,4329
12926,249
3798,229
18013,199
9807,419
18268,199
3296,339
17823,519
3568,489
13381,459
11647,1759
3178,379
4714,459
648,289
15707,2029
1979,869
10123,239
19197,859
9283,1449
12267,389
13524,359
15721,269
17960,439
9267,559
12241,1919
8106,459
566,829
3542,479
10113,489
1392,299
11841,309
10110,339
16720,499
12943,429
14029,449
5760,359
5214,2859
11800,569
15366,449
3832,429
6006,209
20000,1059
12489,399
10928,629
8119,519
17997,439
3419,289
18685,369
18325,1019
12578,659
14462,629
10457,449
6825,509
7285,589
12950,249
2528,399
4960,589
10309,239
4071,389
20162,229
17558,539
8410,409
8879,459
11552,669
11679,249
17244,2519
8972,579
13537,829
10193,639
1526,459
1495,859
10275,409
10327,429
8504,319
1973,379
10781,389
13321,1629
8741,519
13515,329
19523,569
6309,649
14757,619
15433,299
15764,429
17850,899
807,1759
11962,749
19519,389
18307,299
2732,1729
4638,279
446,639
4945,1149
12058,969
15317,249
17679,399
19312,259
8375,2069
4060,829
9466,389
14755,779
14969,679
8984,379
1784,889
5271,479
4651,2099
3594,559
8056,299
6160,329
8873,469
978,519
4958,399
13296,449
13263,299
3856,619
10377,2739
15848,329
15525,309
8499,1059
12692,459
7313,639
6713,2809
6055,1859
13831,319
14844,509
11079,749
3427,499
17641,499
2793,249
738,499
2953,329
393,399
9107,289
6244,489
1595,339
13846,429
6346,1129
10111,489
11423,359
6020,379
3870,599
12985,549
15754,909
8590,289
11340,389
2434,339
11738,539
19401,529
6672,369
16192,379
12116,459
17293,369
16987,339
14593,239
3963,449
16381,189
13324,369
16621,419
4627,269
5253,279
15254,399
1529,2099
5648,429
3830,459
16974,199
6896,409
5771,239
10886,339
12542,819
10121,379
18990,699
5633,3079
12292,219
2304,309
4336,1229
20051,479
12520,489
2025,449
8445,389
8945,439
12251,359
8926,339
779,1149
6461,899
18848,1519
7888,299
13412,449
16679,309
1385,369
6069,499
9898,599
3369,659
9440,1859
13187,2259
867,359
5983,569
582,539
11579,629
12038,419
7300,489
19162,449
12064,469
14749,459
9432,269
8135,309
1192,489
10360,379
8632,469
16860,339
8657,759
6865,1479
16066,599
4208,279
13106,339
10206,489
9920,609
13318,439
1997,549
4570,449
4000,329
9951,479
20485,1769
16493,359
14976,499
6937,449
19752,259
16059,529
11101,609
20480,799
10033,689
6220,229
12026,2039
1438,889
15089,449
9611,459
15256,389
9708,1779
17347,259
6627,479
20372,3329
8799,319
18443,479
8664,169
19613,559
5172,299
9771,2299
8450,509
14146,509
3307,2029
9340,449
7459,439
14134,489
12989,689
3298,659
11255,299
9552,369
19609,369
8029,399
12629,529
10646,359
16295,319
6434,449
10755,889
1418,479
6249,259
15327,669
5327,209
13052,379
6471,369
17541,249
14391,299
7616,649
3250,249
17446,399
3511,489
8221,419
8131,409
15002,709
3422,1619
7613,239
11457,989
17485,2299
8202,1819
4203,1679
19425,629
11670,1339
1523,199
5286,249
9892,239
16193,909
20011,2419
13610,309
917,569
1218,509
19150,639
5906,889
2308,319
5755,1179
18791,2029
7855,289
3855,339
7683,319
3515,7139
2064,309
1443,1409
19379,1809
6916,609
5361,619
8626,359
16256,489
2491,379
5113,509
7785,3729
10150,1479
2368,289
10989,279
17220,629
642,319
19872,249
9322,1119
2477,579
9083,579
13113,529
15779,399
19661,259
9847,479
19718,419
11584,589
17568,479
18680,1379
1606,249
1323,289
14794,469
10300,319
2030,509
8453,239
2573,479
7957,499
1141,389
12790,409
7983,2159
10307,419
3895,399
4605,519
12529,219
11123,289
20918,3549
13843,449
6503,389
4219,489
13379,369
7543,689
10262,389
6242,359
4957,269
2990,559
8184,309
15654,2149
8480,2739
18100,449
14528,809
0,579
73,639
7873,719
3294,789
318,439
19076,1709
12334,439
4161,489
2984,729
19998,1829
14899,249
7945,429
208,449
15703,1009
6586,509
930,2039
6443,509
487,339
12673,339
10847,579
11733,469
8088,449
2329,239
15310,409
14568,289
17539,379
15467,479
9015,869
498,509
18830,1169
8905,459
4043,589
99,449
2563,549
9208,399
6908,499
16985,369
10777,539
12054,219
17111,589
20942,319
6614,599
6889,1659
19912,959
8622,269
4795,1809
4227,1019
12237,709
16024,919
1971,519
17648,459
11357,369
8727,409
10035,529
17257,459
16021,1409
20857,299
2234,399
14720,329
20208,459
1544,839
13374,239
11928,439
1191,509
10087,769
8391,599
5115,409
16593,1549
15318,639
19989,1059
16738,339
18967,319
16329,399
5520,1909
17415,469
12998,459
8190,199
19940,259
20762,529
1617,669
8609,479
2501,499
12381,539
1870,1369
20417,409
17199,309
10697,459
4390,1949
13357,259
13182,519
17544,429
7852,489
17026,2509
6659,399
8891,1339
14847,589
5559,449
14715,559
7321,519
6200,699
3618,469
16519,1289
19798,279
14609,609
5416,879
19929,879
14396,949
15585,709
8278,639
808,409
17328,319
19260,469
16875,289
9165,209
16281,239
16791,499
11445,309
18164,399
7439,199
11553,459
18740,839
17281,3239
13461,2059
7039,4029
16509,379
15587,309
12608,869
11528,379
20767,279
4880,569
3283,319
3739,259
9071,469
8404,329
11995,549
5680,2349
14507,519
2355,2109
1485,369
12217,259
11052,439
14198,229
2481,309
7165,259
14275,249
10183,389
10039,2319
8431,229
10775,309
12852,409
922,609
5229,1639
17452,369
740,559
8900,579
14080,419
11956,1049
19598,899
2326,4299
14828,439
12261,509
19340,469
10338,1329
17982,539
1294,309
10632,429
6377,269
13985,439
17000,389
18044,419
2535,469
10419,1059
19137,3849
8791,499
15994,419
11384,1169
7576,259
15694,399
11483,449
277,409
10853,219
13554,549
13275,529
18403,409
18375,729
18490,739
3398,439
15326,419
4468,529
205,399
5319,499
2208,299
10053,309
20597,429
5516,339
1019,629
4873,369
16857,259
19056,389
15539,1439
15296,539
19500,419
11653,359
3214,479
8792,379
568,579
17935,539
7192,559
9539,299
11262,479
3973,709
17587,529
20273,1539
10758,489
921,469
12393,539
19086,1709
12545,359
5664,549
16076,899
5886,299
9609,379
4937,699
9462,429
20285,1719
8967,399
19797,2339
7866,439
3276,289
15484,2029
20452,479
5881,269
18395,659
20026,339
16026,429
2077,1059
3111,249
8099,459
15033,339
10682,829
10807,299
15745,309
20243,479
5212,399
18305,259
6026,279
11672,1529
11236,2499
9876,449
7127,949
8646,359
7654,319
18653,629
5969,309
15009,459
12199,219
2013,439
13188,509
2752,189
2471,919
11128,669
627,509
11866,1839
15274,359
11145,739
15625,1409
6089,1419
17040,369
760,459
15645,439
18408,509
17602,2339
9095,419
14365,679
6116,2439
75,519
6742,599
3509,909
16326,339
11503,479
2056,459
112,739
14586,179
1184,399
6327,959
19002,599
4418,399
11948,419
11324,379
613,639
4563,399
15413,329
14488,639
6273,1779
12429,439
8847,489
18290,839
